{
  "timestamp": "2026-01-14T19:13:19.661123+00:00",
  "cycle": 0,
  "epoch_rewards": [
    2.0623859824560506,
    -0.4,
    3.5,
    1.8717975354826173,
    -0.4,
    1.929274454970188,
    2.641084744862592,
    3.5,
    2.641515219671584,
    2.04222916274065,
    -0.4,
    -0.4,
    -0.4,
    -0.4,
    2.6411360808744884,
    3.5,
    3.5,
    -0.4,
    1.929372135343488,
    -0.4,
    2.0629099333895073,
    -0.4,
    2.04222916274065,
    -0.4,
    2.04222916274065,
    2.04222916274065,
    3.5,
    -0.4,
    -0.4,
    -0.4,
    -0.4,
    2.6972450806047137,
    1.950287605010864,
    3.5,
    3.5,
    -0.4,
    -0.4,
    -0.4
  ],
  "reward_stats": {
    "count": 100,
    "mean": 1.3147737359669938,
    "std": 1.4810309460028497,
    "min": -0.4,
    "max": 3.5,
    "pct_positive": 60.0
  }
}