{
  "timestamp": "2026-01-14T19:09:03.482702+00:00",
  "cycle": 0,
  "epoch_rewards": [
    2.072828013571242,
    2.635927238850053,
    -0.4,
    1.6682911155325206,
    -0.4,
    2.0325069385821815,
    2.769432341666816,
    3.5,
    1.9713660806804136,
    3.5,
    1.9611951805633652,
    3.5,
    2.0319603585371055,
    3.5,
    -0.4,
    2.04222916274065,
    -0.4,
    2.0226828941564583,
    1.826880130312979,
    2.0629099333895073,
    -0.4,
    -0.4,
    -0.4,
    2.0324955558319284,
    -0.4,
    2.0324894741264634,
    -0.4,
    -0.4,
    1.9719597565345621,
    3.5,
    -0.4,
    -0.4,
    2.04222916274065,
    3.5,
    2.0416942603475805,
    2.0127060878519987,
    -0.4
  ],
  "reward_stats": {
    "count": 100,
    "mean": 1.6670831631194392,
    "std": 1.3704568518606546,
    "min": -0.4,
    "max": 3.5,
    "pct_positive": 73.0
  }
}