{
  "timestamp": "2026-01-14T06:05:36.779710+00:00",
  "cycle": 0,
  "epoch_rewards": [
    1.8710796962738456,
    -0.3,
    -0.3,
    -0.3,
    -0.3,
    -0.3,
    -0.3,
    -0.3,
    1.785760414002355,
    0.025000000000000078,
    -0.3,
    -0.0202241505935076,
    -0.3,
    -0.3,
    -0.3,
    -0.3,
    -0.3,
    -0.3,
    -0.3,
    -0.11199894950311079,
    0.022500000000000075,
    0.12302442458861972,
    0.17268556798444867,
    0.022500000000000075,
    0.025000000000000078,
    -0.15586831536455403,
    0.022500000000000075,
    -0.3,
    -0.3,
    -0.3,
    -0.3,
    -0.0203085020992822,
    -0.3,
    1.8098661772153317,
    -0.3,
    0.025000000000000078,
    -0.3
  ],
  "reward_stats": {
    "count": 100,
    "mean": -0.003590578446240304,
    "std": 0.5590432438686257,
    "min": -0.3,
    "max": 1.8710796962738456,
    "pct_positive": 36.0
  }
}