{
  "timestamp": "2026-01-13T04:28:26.442007+00:00",
  "cycle": 0,
  "epoch_rewards": [
    -0.5,
    -0.5,
    -0.5,
    -0.5,
    -0.5,
    -0.5,
    1.380856074427205,
    -0.29351045363539285,
    -0.5,
    1.3981440245819148,
    -0.5,
    1.365608437647401,
    -0.5,
    -0.5,
    -0.5,
    -0.5,
    -0.5,
    1.3690804025328633,
    1.376658130217446,
    -0.24862151923199974,
    -0.5,
    -0.5,
    1.45377918270784,
    -0.5,
    -0.5,
    -0.5,
    -0.36869800336052216,
    -0.5,
    -0.5,
    1.3387637748348564,
    1.4305797261546034,
    -0.5,
    -0.22578814357350543,
    -0.5,
    -0.5,
    -0.5,
    -0.5
  ],
  "reward_stats": {
    "count": 100,
    "mean": -0.005003604446021659,
    "std": 0.8203037486766566,
    "min": -0.5,
    "max": 1.5315309968638542,
    "pct_positive": 25.0
  }
}