{
  "timestamp": "2026-01-14T19:40:02.792951+00:00",
  "cycle": 0,
  "epoch_rewards": [
    -0.4,
    2.04222916274065,
    3.5,
    -0.4,
    -0.4,
    3.5,
    -0.4,
    -0.4,
    2.0837213217915322,
    2.0416942603475805,
    -0.4,
    -0.4,
    -0.4,
    2.032494036117723,
    3.5,
    3.5,
    -0.4,
    3.5,
    -0.4,
    -0.4,
    1.8964473243057047,
    -0.4,
    2.6244743751479143,
    2.031949335083115,
    -0.4,
    -0.4,
    3.5,
    2.0416942603475805,
    -0.4,
    1.8369253044422247,
    2.7314734705942065,
    2.0416942603475805,
    2.6778098639497983,
    3.5,
    -0.4
  ],
  "reward_stats": {
    "count": 900,
    "mean": 1.479412707549551,
    "std": 1.419991205515042,
    "min": -0.4,
    "max": 3.5,
    "pct_positive": 66.88888888888889
  }
}