{
  "last_shutdown": 1768412100.451186,
  "cycle_number": 58,
  "objectives_met": true,
  "latest_metrics": {
    "total_trades": 49,
    "total_return_pct": -2.3991764293418556,
    "final_capital": 976.0082357065814,
    "backtest_time": 5.656473875045776,
    "data_points": 5037,
    "avg_latency_ms": 0.0,
    "buy_signals": 73,
    "sell_signals": 42,
    "backtest_days": 180,
    "win_rate": 4.081632653061225,
    "profit_factor": 0.07501699555547321,
    "sharpe_ratio": -18.26670462198987,
    "max_drawdown_pct": 2.400693006251094,
    "monthly_projection": -0.4039196143971746,
    "trade_density_pct": 0.9845288326300985,
    "objectives_met": true,
    "failure_reason": "insufficient_trades",
    "compound_monthly_pct": -0.4039196143971746
  },
  "signal_counts": {
    "BUY": 0,
    "SELL": 0,
    "HOLD": 5203,
    "filtered": 0
  },
  "hold_time_stats": {
    "avg": 0,
    "min": 0,
    "max": 0,
    "target": 3600
  },
  "hft_mode": true
}