{
  "last_shutdown": 1768370737.305334,
  "cycle_number": 0,
  "objectives_met": false,
  "latest_metrics": {
    "total_trades": 80,
    "total_return_pct": -8.331455576163215,
    "final_capital": 916.6854442383678,
    "backtest_time": 0.41666626930236816,
    "data_points": 5184,
    "avg_latency_ms": 10.019838738530408,
    "buy_signals": 97,
    "sell_signals": 76,
    "backtest_days": 180,
    "win_rate": 27.500000000000004,
    "profit_factor": 0.3925056680087951,
    "sharpe_ratio": -5.382572027975123,
    "max_drawdown_pct": 8.341676700242354,
    "monthly_projection": -1.4393885213250024,
    "trade_density_pct": 1.56128024980484,
    "objectives_met": false,
    "compound_monthly_pct": -1.4393885213250024
  },
  "signal_counts": {},
  "hold_time_stats": {
    "avg": 0,
    "min": 0,
    "max": 0,
    "target": 3600
  },
  "hft_mode": true
}